id,created_at,message,status,item_id,user_id
4,"2026-08-14 15:21:35.103096","this is my wallet i lost around college library , it has some important documents of mine",APPROVED,22,9
6,"2026-08-14 22:14:36.953902","yes it is my car keys , i lost this at car parking area",PENDING,23,9
7,"2026-08-14 22:29:29.932280","That is my car keys i lost  it at college parking area",APPROVED,23,9
9,"2026-08-23 19:27:32.630297","this is my car keys",APPROVED,23,8
10,"2026-08-23 19:28:44.216654","this keys are mine",APPROVED,23,9
12,"2026-09-06 11:35:30.480996","This is my bracelet. I lost it in the near parking area and can provide proof of ownership.",APPROVED,24,8
13,"2026-09-13 17:49:09.019708","This is my ring , i have a proof for that ring also",APPROVED,25,8
14,"2026-09-13 20:42:43.966113","i found this item at college canteen",APPROVED,20,8
15,"2026-09-15 14:45:27.966910","This is my Key Chain",HANDOVER_COMPLETED,36,8
16,"2026-09-15 15:21:54.109584","This is my adapter",HANDOVER_COMPLETED,37,8
